-- phpMyAdmin SQL Dump
-- version 3.1.3.1
-- http://www.phpmyadmin.net
--
-- Host: localhost
-- Generation Time: Jan 13, 2013 at 12:19 PM
-- Server version: 5.1.33
-- PHP Version: 5.2.9

SET SQL_MODE="NO_AUTO_VALUE_ON_ZERO";

--
-- Database: `evoter`
--
CREATE DATABASE `evoter`;
USE `evoter`;

-- --------------------------------------------------------

--
-- Table structure for table `admin`
--

CREATE TABLE IF NOT EXISTS `admin` (
  `admin_id` int(11) NOT NULL AUTO_INCREMENT,
  `userName` varchar(30) DEFAULT NULL,
  `password` varchar(45) DEFAULT NULL,
  `Surname` varchar(45) DEFAULT NULL,
  `otherNames` varchar(45) DEFAULT NULL,
  `email` varchar(45) DEFAULT NULL,
  `superUser` int(1) DEFAULT '0',
  PRIMARY KEY (`admin_id`)
) ENGINE=InnoDB  DEFAULT CHARSET=latin1 AUTO_INCREMENT=5 ;

--
-- Dumping data for table `admin`
--

INSERT INTO `admin` (`admin_id`, `userName`, `password`, `Surname`, `otherNames`, `email`, `superUser`) VALUES
(3, 'Dann', '10e7b30d8f61e75d28a03ec651f8b112', 'Miller', 'Danvick', 'danvique@ymail.com', 1),
(4, 'elija', '763b4775c2d343a3b509924d22a86972', 'Baraza', 'Elija', 'elibaz@evoter.com', 0);

-- --------------------------------------------------------

--
-- Table structure for table `audit`
--

CREATE TABLE IF NOT EXISTS `audit` (
  `action_id` int(11) NOT NULL AUTO_INCREMENT,
  `admin_id` int(11) NOT NULL,
  `action` varchar(45) DEFAULT NULL,
  `description` text,
  `action_time` timestamp NULL DEFAULT NULL,
  PRIMARY KEY (`action_id`)
) ENGINE=InnoDB  DEFAULT CHARSET=latin1 AUTO_INCREMENT=2 ;

--
-- Dumping data for table `audit`
--

INSERT INTO `audit` (`action_id`, `admin_id`, `action`, `description`, `action_time`) VALUES
(1, 3, 'Registered Voter', 'Voter Reg No - IST-232-008/2012', '2013-01-13 10:54:20');

-- --------------------------------------------------------

--
-- Table structure for table `contestant`
--

CREATE TABLE IF NOT EXISTS `contestant` (
  `contestantID` int(11) NOT NULL AUTO_INCREMENT,
  `RegNo` varchar(16) DEFAULT NULL,
  `IDNo` int(11) NOT NULL,
  `positionID` int(11) NOT NULL,
  `bio` text,
  `avatar` longblob NOT NULL,
  `deleted` tinyint(1) NOT NULL DEFAULT '0',
  PRIMARY KEY (`contestantID`),
  UNIQUE KEY `RegNo` (`IDNo`),
  UNIQUE KEY `RegNo_UNIQUE` (`RegNo`)
) ENGINE=InnoDB  DEFAULT CHARSET=latin1 AUTO_INCREMENT=14 ;

--
-- Dumping data for table `contestant`
--

INSERT INTO `contestant` (`contestantID`, `RegNo`, `IDNo`, `positionID`, `bio`, `avatar`, `deleted`) VALUES
(5, 'IST-222-024/2010', 28965874, 1, NULL, 0xffd8ffe000104a46494600010200006400640000ffec00114475636b7900010004000000500000ffee000e41646f62650064c000000001ffdb0084000202020202020202020203020202030403020203040504040404040506050505050505060607070807070609090a0a09090c0c0c0c0c0c0c0c0c0c0c0c0c0c0c01030303050405090606090d0b090b0d0f0e0e0e0e0f0f0c0c0c0c0c0f0f0c0c0c0c0c0c0f0c0c0c0c0c0c0c0c0c0c0c0c0c0c0c0c0c0c0c0c0c0c0c0c0c0c0c0cffc0001108006a00af03011100021101031101ffc400bd0000010305010100000000000000000000000507080102040609030a01010002030101000000000000000000000001030204050607100001030204030207080c0a070900000001020304110500211206314107221351613214151608718142d234353709b1c152238393942575b5361791a16233632455564719f0d18253b34587f172b24373d36526461100020102040306060203000300000000000102110321311204416105517191a1b113f081c1d122324214e1f152822333ffda000c03010002110311003f00ee36dcdb9b79fdbd6279fb0db9e79eb7455bceae2b2a52d4a69254a528a6a4926a49c00b3eabeda0348dbb6c09fb9f34669ff83001eabed9ad7d5db657857cd19f89800f55f6cff776d9f9233f13001eab6d922876e5ac8f0799b3f13001eaced91ffe7ad8380f9233f1300465be7b4f7b22ed9b93b68bdeedb15bee2c38e34e46559262a8a68e9728a4425248046641a62b7762b89b1fd5b9d86f1b5faabecfbbc61a2e1b6a6da6e30dc3a5b902cefb2951a572efa2a2b8a65bdb317472f52d8f4fbf25551f4fb9b98bb74b1542235a4d4541f478ff00d9c4ade5a7fcbd43e9f7d7f1f4072e7d2c4005c8b68a134afa3c1e74ff007389feddaffa2174fbeff8fa14374e9552a6359c01ccc04f0fc4e1fdab5da47f46f7fcfa18ebbf74911e53168a11527d1b51fc4c621ef2d2fe5ea4ae9f7dff001f411dddf7d0c61256eaece848a927d14b3c32e51b15bea3b75fcbc9fd8b9748dd3ca1e6bee6a7b83aedecc7b521aae17fbdd9add0d150b7956592bd34af10dc351032f06261d42c4dd232f5319f4adcc15650f35f71b28fedafec312965963a87b7d6b0ad0a47abf714f688240ed5b8666871b0eec7b4d7feadcec1f1e977523a09d6666eef74c6659774b36031d3775336b5c7ee0caef3b904498ed575772be15e19e328c94b22bb96a56ff654a8ec7aafb6796ddb67e48cfc4c645653d55daffddbb5fe46c7c4c007aadb63fbb96bfc8d9f89802876a6d622876d5a881c0799b1f130057d55dae386dbb5fe46c7c4c008b7fdb5b71980c299b05b9952ae36d6d4a6e2b29250e4e610b49a27829248239834c00b5b5bf6636e7e8b87c3ff004518017b001800c006004dba4e45b6df3ae2e005b82c3afac1504543492aa6a390ad389c6329698b6676adbb935059b6976e67cf76fee8e5cba9dd6eddf05a663db2e12ee372bda96eb456dc58efcc2b5b473493f7f5d284641397958e55ebeb4a9533f23d45adae99b857f559f6aeda73277f4bba7713a7bb761591a7d5324b291e712954256b19950000a768e407878e3953acdb66fa4a2a9d83c71c9751a3bcce801a1f1f3f0678ca316f23172a197e60b7565a0b24fc149c8fb9438ca36d98ce4922c720ac1a28025674a0e5c3873f7316bb6cc54d335bbd5b24c5429d24b6dd0664d454e35ee5b922eb338b19abead871d5a1b76ab29274934ae743e2f0678e7dc836f03a765d16230bd4adad1374d964da6605a0bcdd1a7aa5250a03256551f6b15da9bb4f51b172cabb171399f79e9848e9fddda8d7a095c894ebd32de5b280d16194293acead255a090a3c69cf2a63d36defc6ec70ccf35b8dacac4a8f23aa1f559cbbf5aee3be1a5b3ddd837938d8610b45085da9a70f7a859e557ca2832cff00938bacee697d5b5c51abbee9f5d9bbef0a4925ff0096676ac63a67992b800c0060030020ee3f9be3e44fe74b570fd211f00576bfecceddae47d1912a3f028c00bb800c0060030020ee2eefd057aef1bef5bf3193ada2010a05a502920f23cf15ddfd1d7b19b1b3ff00ef0a61f92c7e673662dae23fd7bdc53e3a077eeec98a263a9e0b5b3702ca48353984b62a7c3c71e7e53d705c9b47b295bd136e9fb51fa9af7582edd5f654ab5f4c235bed7193114f5d7725cca56baab22dc50e12db6529254a71c197018414238b656e329e11a548297bf680f683e94f995e6f3b860b564429421ae7bf6d5353453405a1254d39212542856c8291cce36e12b735f8d7e46a5eb576d4a92a2ef7f4e1f3a125ba29ed9ef7515d441dc5b7d16d904235de2dce1762949524053a826ad549f1a7c078635aeca8f066c5ab72714da747e1e24ca95b81a85015727d6447d0a5ea19d72a93954e5e2c54e6d1645570473f3da03db0d1644b965d9897a5ddf420a1d79aef18eeca7538a210b4b80a6b4191073e14ceeb56bdd78b65776e3b516d47e7c081f6feb7f57ba8d7543037bc2b4a5c3dfc649feaeb0da866a486d2a2b49ce8af24d3350cf16deb36ad2ac9329b17afdf744d7d7c0987d37dc1d595bd02d3bf24dab74589d60083b86214092d1d554294b6aa9792aae79781415c8f2b711b525589dfdafbb1c278887d7bd92adcfbe7a5b69650e0f58235c2daf774028e871e8fde248e7d82483970e438dbb3b9edc272463bdb2af4edc7b6bf43a2fece56f83b5370eccb6c3b4fa0c405aeda6da93af4075a7b22ba0d44a95aabcc927c789e9f36efc5bcff00c332eb76d2d8ddb6b249497660d733a46924807c231eacf99976003001800c0085b88d2df1f2afe73b5ff1cf8f800daf5f5676ed78fa32257f128c00bb800c006003006a7bd94f27696e1ee161b74c1792959ad00526849a679038a372ff00f5cbb99bbd3927b9b75ffa442ada5646fd2977bcc91dcdeec36c164ba4727527efb34cb6dd41f849525799f0d471c79fb4a9069e6bea7b7ea12add8c97eb2587cb34d77f950c9dd7b65abfdba6424b8a8eb9485b6248421dd1a85010db89524d395411e107144edeb5435ecde76655cc881bc3d9bb68dd362a2c92ed4f5bf76dbee2b9adf5221be876fb2d65d65e52e73f38f78a5a0c76bba7197995b74525b01a5b895ef58dd3b76b4e4d718d13f069aaf3cfe6617b650bf79ca32c1d2aa557e7169e79a75428ed8e966c680d58d360dae8dbb1f64d95eb6dbee6ea4bb365bea2545e92eb686da5a9c51208028011a5344271a37a4af25a6345154abfbf1f03a56ed4b6a9ea9ea771a6d2a24bb93abf8cc90dbc50efeebded29d135a845016000455241cfdec6576bed1a9b7b55bfe240bdbbb336d6c8bf41dd0ad9cd6ee9972872615f5e982428a133597187d23bb528b6a0876897135291aa83b6ac46df72ed3d5a6bdfdc6ddee9eb7517172d347c33f8e5f646bd0fa09b4970af8d41b4bdb8eedbaa5a5c5dd2e923bd7e025321525288088adb2860871457a868d27b2da1b4ea4aafbbbd93cab579f1c3b12c17ad4a6cf4cb56b0949515704b36f36db6dfd0909b43a64d6d9b5c189225ae6c88ada52b90b4815557b55d200353cc8af3c72a5178b66efb89d295f8fa9b7cddad01cbded0ddf2d60bbb5dd9d1a245d1a829d96c250920f1aa749a0e64e2f8b6adf7b4889ad6d2e2955125fa430df9dd44b325d61491090b98e9a02108618521092b26a55add00f829ee57a5b08b7795782a9cfeb7752d9ca49e7f8f7b6d37e4aa4ea48a01ee63d11f3e2b800c00600300206e415b747fd296afd611f005db5ff66b6ed3fb3227fc146005dc0060030018031a4c76e4b0ec77901c664214dbad9e0a4ac69503ef1c43555464c64e2d359a23ede7675d6d73eeceabbd996d7ed6f79b4d46694a9a5b4e80e819a55449a1e0791ad46393776b28b97154f467a8b3bfb57a11a61252cbbd530ed5cb8771ad448e853014b48555228076bece34ad2e26d5c126e1688f334a12d22bf7442791cb88cb8e2cc1e48c61271354b85a2225e66336d8d2d9d6b3cb5640780ffaf14dd75c2b8236ed375abccb77433151b46ea972850db2da1b681f2d4a3420a7853dec44e8ad32edbb7ef47bc8ef62870fbc721ba80e2541250a34aa5447115072a6342ccb4bd35cce8ee571580e75bedb15867315ec8d012284824e599ca873c6fb6a9cce53d526615d3b84b6a536829d20d2999c8d0fb84e346e769b96951965bec53af96adb3e676f99712b9d7292a66230e3ce1531dca193a5b4a8d02d5c7878f17dab529db8d1378bfa2267b885bb92d724b08ac5d33ab64c9e8e74de76cf8726ef7f42137ebb3686bcd52a0bf338c93abba2b19296b5f696524a724a5350351f41b2dabb2aaf37f143c8f5bea70dcc95bb5fa45b75cb53edee4b2f9d6990fa0c6f1c20c00600300180107727cdf1ff004a5abf5847c006d635db1b709e26d70ffe0a3002f6003001800c0060045be249b45c4a53aca63b8aeecfc2091523dfe18c2e574bee2ddbd3dd8be64688cfa10fbad21556857413c4a5598afbd96385845d0f599a3ddeecf6e80935a5386226e8650fc8d227a1a5cf0b3252d868b6dada2522aa39a89a8f1803156199b506a8d093ba59851eccebf2a730d3628a6c2955d6159a4822a3235ceb9630b918a8e26c6dee373a24c8fd1432edc62cd82f29cefdc7c3d1cd45594d1487002720939654c8e34a8ab53a77bf5a3f866ff1dc7929d0b5148d344d29cf34f138b548e7ba2c8d76fb7208eee2b6487d474907206943fc0399c632c70338618b252f404b2aba428d1aab66d9b75ed4ed34d5c95350a2af16aeec91e2a63bbd3d2544b847d59e67adb6e2dbcdc97825fe4968065eee3ac79a2ec006003001800c0083b90d2df1f2afe74b57eb08f800dab41b636e5387a2e1d3f128c00bd800c0060030018030e6b26444951d392de696da4f8d492318c95534650969927cc87925c761cd752a1a0b4ea90b41c88215c0fb8463cf5daa67ae83aa169327be6dbd46848a691ca98adb722d5489a36e6daf6abc9065c7495a3b4970804540a7c214e07c1c2b8c5c13ccbad6ee76f08bf976f80cf6eae9cc7dd289767b95dd4f5a62a1463c0d6b6504ad03b0e776b4929a780827c3c7154a29f1c11b16f7928e34c5e7c4d7761ec9b36c960c58a8555482965254a5a1b48355259428a82073a0e2732714a2fbb7dcf0367b9dd588d5055ab583a6b9654fb5cb154a5426ddbd633578bbbf227158f2466a4d7824e647bfc0f8b192912e3a4e84fb2f5ae4fab375dcf2d14f4cbccc4b7a8823fabc249154ff00275ac8f7538f49d360f46a7c7e8790ebd753b9182e0abf37fe894c31d33841800c0060030018010771fcdf1ff4a5abf5847c006d6fd98db9953f35c3cbf028c00bd800c00600300180294ae008f7d52da32597dddc96c654fc471255788e81a94d28717c0199411e5d0553e570a91cbdf6d9b5ae3f3fb9dbe9bbb585b93eefb0d0dcee72d8b7c47ad8db4f4c911e8d36f28a5b0b42a8aa94d72e07dfc72ae4b4a525d876a31d52a49e15e1d83733ef3d54ecc755b76fa5e6c152cc55c95879233d414b64a9248e54e3c0e253949703b3b5daed24aae52f2c3cd78e269332efd575a95e6b69b0075691ae4992e87826b92145514269e3f07bb9e3ed4d9d68ecf674c64fc1d3c98d0cebe7559e9ca80266d884928224495312652d04e6549a2d84288ad45682be1e38d59c60b8baf22bbdb6b5155f0ff588a371dc261b36f8f7590db928905e5b49a254900034492aa1ae35abaa473e30a374c86ce46e78cede9b8ab5296e4973bc7db6bca4369cce7cab4d35f0e5c71b362dfb934b9955f9e94df662755fa35d7ee926e3bd35d1bb03cf6dede3b62d711436acd694d879b5446652d50e454a2484a5dd4a20859ed2b4f6554f651492491f3ddcc2e6b729638e649f0411c7191ac5d800c0060030018010771fcdf1e9fda96ae3fa423e00aed614db1b7056b4b5c3cff028c00bb800c006003001800ae00d77745ed3b6f6dee0dc4e30a92dd86db2ee2e4549014e08acadd284939555a683115a1308ea6973204c0dccd6e9dbb61dd111b6a346dcb6f817b8ec3228db3e958edbea6d039252a5940f731e6b72eade0b075f13d9d88d12cf2a781932214eb8a4a3b6d14a7b0eb6b29239e5a48a67c298d44db7860cd98dcd0ea99a05c7614c4acae6de673e959538b8ee49714820e401a2803c3ddc2519d317ea6dc7a84de09bf21aadc16f72daba423ab56a4971290915e228903972c685c78d0d88cdcb1a8c0ee57ee73ef26d36d5b6f5cd96fbd9f3dff92c26a9da91208e49a1d2919a8f8aa716c16152253d27bed9b4b36d526e8cf7d2e3b6e8757739481dfcf7c64d923e023552813c29a47c251eff004dd84d3576785325cfe3e670b7dbe8c93b5075afecfe8bea45edebd74bcfefa23ef6da3767adb2f6a2a241b05d6394074b96f0b0b78101495053ab5e90bd4345127b2698ec4b0c0e1ca4a6dbed3e803d937da7ecfed13b45c12fb8b5f5036e36d7acf666c90879b5e489d152a3abba71428a4e65b5764e450a5651954e7deb5a1f264ba072c645257001800c0060041dc7f37c7fd296afd611f00576bd0ed9dba47036c894fc4a3002ee0030052a30005407134c01e4e3edb485b8e2c21b6d254b7144252948e24a8e42980237f52fdadba0fd2e872debcef98778b846034586c4a4dc65babe1a0772aee9241e3de3890399c0b236a4f120e35ed93bd7affb921ec6b36d88bb3f695eed37abccc84a79526e6e5aa0455311dd96f51b69b44a9af3412db6824a5352b52554c43c5779b56aca83ae6d1aafb3fee29723a5eadad7135bb74c6f177d9d748873218872952adca03800a85259293cd2298f33bd8b85c6bb713d56ce4a76d77ff9f41d473a8c8dba13e7a0c88a83d9753da5a413f0a9e570a578fd9c6b29a45b2b0de46af78eb15bae4ee989165bcd69aea6995ac9e61232e24678b26ebd8570838bc98cc6e2dddb96fcf2605aad86025fc9b952085384a8d0943095555419554529af13c8d767652dc4a9055a7977be05b7778b6f1acf0af8bee478c1d94dc48a966685c92a5f9ccc8a55a9321f15a3d29ca24bc4720a01b47c14e429e9767d2add87aa5f94bc9772fab383bbea772f5547f18f2cdf7fd88d3ed0dd506ac5153b4ac738fa6ae6d1f3c7585504486b49056294a38e80427c02aafb9c6fdc74ef39faa9f8a208c6594a92a6d0100274b5439a129cc02134a53970c6b92f91203a31d60dd5d27de761de9b5e72a1dc6c5212e857069f614477f19e48c96d3c8052a1ee2851490700d26a8f23e8eba03ed77d2debd331adf6c96bdafbd16deb77675d1690eb840d4bf327c6944a4a733d901ca66a4246334cd39da715c89581429c7125456a300570018010372fcdd1b8fceb69e1fa423e00bb6bfeccedda8a1f4644cbf028c00b6554e1efe0063f77fb48744b625d67d8b73750edb0ef56b15b8da990f4b79951f25a71319b7021c3c742885533a530338db94b1488ddbdbeb11e8eedd88f276edaaf5baaf09d5dd435b6dc08fd9e6ebce296e26a33012d28f840c1e058b6f2e34210efdfac3bacdb843b1ec122dbb1a13a084a6d31c4896104f1549981ecff00eeb68c6352f5622b3c4881bdbaedd45ddc87fd67ded7adc29593ad99b3a4486a80700cad651e1f814a72c2a58a8b24869a2c95dd66a245c9cef23a15a90d02405d3969a10948cf565e2f0e23893175c4943ec85b964cfeb7eee5161c96266ca9da1b0455a6e3dcad8a481c3229ec81970cf3c669d6446751f3ddec5f7a41d5a9bd49b14155c7a79d4787118df10d034aa1de2de56db1216dd3b21e8cbd3af8028d2a22a0e397d576cda538e2753a6ee127283e3ea3b31eedb1f7d402bb65d184be0fdfe02d490ea0f11a524826bee6384a35781d8579c73c83d526998fdcc647763ff31d713404115212de455ee9a63adb5e8d3b94771d178b7f45f3c4e6ee3ab46155049bf25f73159b2c5b5a96b8ed0efde1f7f96fe6a23876880000390031e8ecd885a8e982a25f15e6fbce1ddbd3bb2d52757f1e5c8653ae1d4089d3cda52a5eb0ecbb828458b1f514ade7540909cb3424f151e49072e1899492552bad0e4f5f6e971bcdce7dc2e2f19d3263aa5cb91c4a944d6a054d1200000a649039634dbaba9944f088851a268b294e486d344f6a95e75fb5c3104f016d4e2db69a6529d2b7d696747050ad54b2a3e50ec8380a8e05a2fb3e1bec498929c66432b0e34fa1c2dba97120292a4a81d408c9408350294230324ce9b7417eb02ea7ecb11ac7d4b88ef5176d274368b94c7da89788e9a67a65be50892071a3ddafe945298c932a9d852cb03addd2debff4afac11db3b2f75459374537de48db5256862e4ce449d51ca8eb09033536a5a7c78c8d695b71cc7a0281a67c70302b51e1f7f0020ee4f9ba3674fceb6ae55ff009847c0176d7fd99dbb5fecc895fc4a300465f6c5ebe23a17d2b9d26d72037bdb7421e81b5522bad8a22b2268001fe612a1a7fa452395707816da86a67cef49dc33b4ad72243ce489aa71c92f28a8adc79d25c5951554a8927351f77338c0dca9aa2eecb92b538e3eb094a6a9ed1ad49a9aaaa4ff0001380ad4c17e5a9206b5929209050494a554046a57c1e3806c4e69f61d714a53a1c520d12d22a5755f255331972a57ec88212429bf24b11c94a83657f707b2da123c91424f1249cf02caf02517b145e76fd93a91d52dc3b92ef1ecd6cdafd385ce9f7498a29619886f114bf21c3451a3696d192412a2a4a5209a039dbcca9cb075373dfded2fb9ba861f7b64db7726c8d93167b7e8ab822d45572bca2395a9e7e53ae2c371a3d7bb02320294bcfbd5abb4da2c77307995a6dbe14efa1b2f4a7783e9ea45aac374729729f697e0c852ec51212d174424cdd264c748aabba6cb0a46aa150cb3cf18db8421254493ee5ea5ae7392c5d577d4984b90a5b6359154a52567ee6b99af848231b68ae8355bdf7247b447947be4460cb4b7a448714129434da0adc79d50c80420127c5971c08a511c8fea9750a5f51771bd745f789b44142a36df8cbaa56dc6567debd55274b92080b554eaf25190467a9767a99290d5a192f4aaad20a14a144e92478810ad7c29c398c544a467a1aad02d6aad4814a948049208e3cbc03026a7a87819c14d22a982da4528484add21478f88207f0e048aedddde6eadc5525ad692b53a919e952aa46aa039005551e1cb80c4d08d466c492f48710fbab20328292e578e6a2321983ab227878b9e1518b37fb06e6ba59a6449d6f96fc19b0161d852a3b8b69f696950a3a1c6d4148524e40a48cc507038833e5c0e917423eb12dfbb5a4c5b275396adff00b75250daae0e16d9bc3093c14991d86e473c9e1a8e5f7d1ce548aa76632cb3f23b07d34eb0f4ebab76a45db626e68b79d084aa6db412d4e88541274c88ae51d6e8554a91a4f227199ab2838e66e1b933b6c735cbd296a35aff00f211f0312fdb03ff00acedd00d7f3644cff028c010c7da4bd8adef68cde0d6e6b9755e4edb830e147816fb137694cc432d32a2eb9f7c54c6aa5d71454a3a785072c4345b0bba55284767beaa5b6bca2afdf94c46a14581b7d19e60ff00686143377f9187fe5336ba7d3acda9142af579bad3ddf4857f8f11423dfe47a7f94eda8af5abae5314787ecfa065c3222e15189a0f7b91887ea91b3079321aeb94a61e4e4548dbad80b4d6a02d22e14241e04508c46927dfe47aafea97b538900f5d26248cc69dbcd800f1040f4871ccfbbfc18691eff2152c5f553d96cd037ac05f5ae74a46f48969812dc4d89b6cb516d9744dd56d7cb95a83cf34d03c28103cac4a5818fbb8a7e43871feadddb11dfb53e7aad7b7c5a63b2c476170d01b25942885a9097d20d5e5974835049a1a8c1225df78d1666558beaefb7edabcc6bfdafac779917688f45719937380997a12d496df9011fd690429f4365a5289344a974cce324e843bd5e03fcf7b334470108de0f37c74ff005249ccf33f7f1538b3dde443bb518aea4fb000ea0d827d811d5f916566ece205d240b2a6429c8ad9d6232419cde94a9742a39d5234f0ad62571b540eed5e447a3f53f5a492475f6683ab5255eae37a81e66a2e2092799e34cb8629d24fbbc8b47d4f5661c7af7314294015b71a3c8659dc786586927dee464b7f542da1b0427af3306a0751f56da26a6b9d557034e38691eff23111f53d5a12fbcffeff006655e7038a48db6d8cc569ff0032f09072f061a48f7b91ebfe4ff6726aaebdcc5d5409aedc6fc01273f48d6a40a7d8c4d07bbc8526fea90b4b54d3d7698386aa6de4660701f38f2c46932f7f91903ea98b60ccf5d6612053f679ba70a70371386923dfe46733f552db9a0807ae52d5dde4940dbe84a48233040b8573e79e1a49fec72367dbff0056cddb6adc635df6e7b465d6c774844189718164f3790d9008aa5d45c82c7bc7ece2681ee2b9ac09ff00b96c1b83f7631b6b8ddaf1dd5e6969b5faf7e6c9efbcff00be8ecfa4bcdb5e9d5defdfb46ba572af3c49457134eb67cdb6ff00a42f9333f21f937903f98fe8fee7c54c083379ff00899c7000e794d7d2671f83c3fdac001e0afa4ce3cbed600c7f07d28ffa1c017ab80fa4ff007b005ccf03f49df84fb5802f57fd4cf7b0059cff00c4ec0162b80fa50f7bede00c84f95fe25f2e3c30078a7cb3f49fc4f1f2700789e27e94f8f2e1ff006600c9e5fe26fdbc00724fd26ffa7870079ab97d287fb3802c3f0be94bdefb5802c4f91fe29fbfc7007b0e09fa4fe3cf8f0e7803c8713f4a5eff000c0144ff00d54e3f0b0061dc3e4e8fa48f9545f967f37f286fc9fe93fddff2f4e00fffd9, 0),
(6, 'BUS-222-025/2010', 23658974, 2, NULL, '', 0),
(7, 'IST-224-968/2010', 23569747, 1, NULL, 0x89504e470d0a1a0a0000000d4948445200000080000000800806000000c33e61cb0000000473424954080808087c086488000000097048597300000dd700000dd70142289b780000001974455874536f667477617265007777772e696e6b73636170652e6f72679bee3c1a0000200049444154789ced7d79b0664775dfef9cee7befb7bc7df61989d18c84000da25064c060161994181b0cb1b154b11d9cf21211bb6ca7521486603ba3715c2e17459918441cabe285d8a462bd38368b9dc5100f061cc08cb10533169246d28c665fde9b79dbb7dcee3ef9a3bbefbddff7de9366debc754647fae6bbdfdddebd7d7e7dfa6c7d9a44042fd08d4bbcd60ff002ad2dbd00801b9c5e00c00d4e2f00e00627bdd60fb01af499877e798f88799b805eca8af630f35e45bc8375d2504a4d13f159111c7324cf3ad0ff530dfc8f7bef7bffe5b57eeed520ba5ead80cf7efc17ff9175f22e66fc9073727bdc4fc448d204ac12303358291033142980094c04105988fcbd38f7a7c6b47ee7cd3ff6c1536bf92e2b49d71d003efbd0075f6a447e9d8077f61c104069059da4504a83b40273f8280693070211830800c85f26ae63acf9dde6a5b97f7bf703d79f54b86e00f0e9dffcc56dc27200243f0581ea3d4a505a41e9044a69b0d2504a819582620dd60ca20804068840140120100062ed4cb7d3fa88dd36f92bf7dcb3dfacfe1bae0c5d1700f8d4c73ef80682fc89009b163aceaa64bed29ef94a692f09221858811443b1ea0100442010881338b130ddce9199c9e97beffd89f79d5ecd775c29daf000f8d4c73ef01e023f249005155a0241258967ba4e020034944ac05a7bc9a03458c5e140819840f0201011ff710ece5a38e7604c77626e66f66df7fcc8bffeca6abfef72d3060600d1a73efa818740f819ffab14d93d673143c7de9ff86fad355827fe3b48857258d0606230b357030470cec189837306d658386b604cdeedccccfde41b7ef8e7fe70d55f7d1969c3fa013ef5d007fe3d083f43cc5e7c338358cd3b8f405ea4875ecdc440a1ec11883930dc4b02adb4074c92402529749242274918420290948252499a35ebbff7854f7ee44d6bf0facb461b12009ffee807fe1904bf089067a452a020be59f58d0454d92040082021786bcf0301cc608ef762b0f6204802f375e2a545541c9994372159e95ab3f1675ffeef1fba79b5db60b968c301e0d30fbdff3bc0fcfbfe971f9b630f66f6661e71e5b564de460f11508cf71e23415aa83074e8c44b18f200612240c5f309206e421a7f79f0139fa8ade06baf186d28003cfcf07b1211fe2311c9e23e110763ba419cfb1e9ad69a050804e23579ff556af5124c3c711071702e9e2770ce41ac833506d659b8a05754f50b41092966752b2513bfb15aedb09cb4a100b0ad3dfa0080bdfdfbc53974db73307907dee6d7a835063d08a2162f028857e6441cc4d9b01d182e0ed639586ba292873cefc2e65d38e3f745b09084ce4f00810112b0e67ff957bff71b37ad7eab5c1b6d18007cfa43ef1f6456bfbae80902986e17edd969e49d1600a0313802d649c17071ce9b7381e1ce3acf586b6103939db1b0790e9be730791779de85315de4790e6b6d610ac249603ee040102b1a993cbc5aedb15cb46100801abfcf891be9df6dad8331169d6e07c6e6b0cea2d39ac3dcf425b4a6a7a0930c3aab0322b0852d6f61ad8538137abd853306d6e4bee79b1c79de81c9bb305dcffc78bc048185880544c0208803bac6bcf5cf1ffed597af45f32c95364434707cfc7e95f16d3f8fea182c8256ab8d8b939398999903e040ccc8d20c5996a05e6fa051af21cf3b6066244986b4e64d3988eff936de4c09040e2c0eac1cc87a3f0011202050f004465d419c83c04182650100c2021850a2e87d00fec52a37d192694300203d73dbeb04321c7f8b134ccd4ce3d4e9b3a8376ab8f5b6bdd8b67d27749262f2d224ce9e3e850b1317c100eab51a9acd066af51cd619a4b506068646a0d29af7fa79cd300c0dbe6747df008182d9e8954927027136e81202380279cf319452305e47f8feb56ba9aba70d010082bc33f67d11c1ccdc2cce5db8803d7b76e3d5af7d1d366ddd0a9037d584149c234c5cbc806ffddd211c7be6495c9cbc049a04eaf51a1af5065a7373a865199234435a6b20add791d69b48b20680a014e606ce7461f2961ff3a32510f4080b077102b60a4a29af0f0030d68e7efaa3ffeeae77fcfcaf7c636d5aebea68430000ccef82730000632d2e5c9cc09eddb7e0f56f7e0b1a8d1a0802c001a4c004e85463fbce5dd8b2f326e479178f7efd6b78ecefff16ed761b9d4e1797a7679065196ab50c8a15582b3031549220ab3551ab37a1d2040c0597b7e16c0ead18bebb0b9cf563bf731600214953303304e4258892fb006c0800acfb58c0673ff24bbbacb62700ef93bf78711242c0bddff7566c1e1b0bee7aefd20569102b106b406910fbdfce09da9d361efd9bafe0f1c3df40b7d5f249204a831517eedd2449a0b442c2297496a256af21cdea60064cb7836ea7036b0c1433940e7d471c5869a4590d79b783d9d969248affe17bdff32b77ac61b35d31ad7b0960d905db5a90e706d3b33378e5dd7761f3d818e02c040c3001e0e09d0bf1fc78031130331a8d265ef3c6b7e0eed77f378e1f7d1cc79e3882d9cb9730343282c1e1310c8d6cc2e0e8289a0383a80f0c811106fff0b7250c03ce199c38fa049e39fa6d984e1b1080550e80423e01e09cec58f5865a22ad7b00806427003827b83475199b366dc2cbf6dd093807010a9f7e70cb5640c0654c1f0e00839891aa047b5f7207f6be641f809802e6750b0ad1bfc2cf17b64504a4288089b0fbc52fc1f617dd8c7ff8c6d771f6c4b350c27089854e12302918930fae7e432d8d36801fc0030000badd1c7bf6ee41b3518777bf50e1922b7df395ed8228f0d485d801c0446046e8e5ded88ba7fa6ba9f8a6f83b9c40ac90a535dc79f7abb063d74d70e2606d1e22920c88a83ff9f807174c4e596fb4fe0140bc13f03dd458877a63c0333248e7857bbf0fdcf81350f9a6d0cbbd5bd87ff71e2f3e7d20087fac04163198355ef6cabb90a659e9550c0fc6e20ae0ae675aff00009a0002538146b309402a3d15e8611c7a7b6b251e5ca12a238b7f42c4afd2e3a97a7adf7d03d0944e70f32db7c239876ea70d6b8dc794e5c6f2bcfecad2ba0780525c8fdb5a6924691a7a6dd9439f5bfc97e7520fd3d1d3bb4b06f7897d5a005414c1e24dc31dbb6f81731679a7e37d060018e296bb2d5682d63d0022370940962660c545dcbe576c57b7fb19dd73bffe1dbd3d9e4aa6f7f67a143903d5218108a8371a18181cf6f101e787004b780100cb41ceb92ee01b3f0d0e17c464bd0a334b29d02fae17a385cee991f9a832ba27b3a8ff7a01b6eebca9b4240068c5ebdbc11268230020e4e0136a5906a553afc055b278d03f3e17f41c4028785b15f5e891002598faef8bf2dc00c62ddb7a4d7f93bf2001968518988adb49a251afd77c96cfbc1ed9bf8d85f73fa760e83faf9ff90b488c903a3e3c3686342bb3c2b4d0f9e7fa4beb85d63d004078a6dc26a4890e819945183f4f018cbb9f6f48b8ba872aefe9258088c3d09837fd99c9befddf3c7e6619ffe08ad1ba0780809e003c5f1b8d26586ce5682f08ae9dc7a5ebb7f4082e427d8aa5981c03433e5fa5d168749efae23ba79ffad27f7dffb53ed14ad3ba05c0a1430f274fffd527df7be72b5e7697d62a0780ed37ed86d87ce10b968bf965f6e8f36614f75ced0c9a03030080cd9bc652007588fcd8b53ed54ad3ba05c0a6b981370be1c360fecdb12ddb2e00c0f66d6328b5ffaba3c5a29e22bd7effca9105ae9305372335328d7a6300a363a31afe299fb8ea075d655ab7c1202768463eefbefdf6cec8e66da86511af0bb47ee8b80b43a3029ab829808f0350798ec403d5eb16fa730b836960a081d7bce91e4c5f3c01741d1cd1ff5df405d709ad5b099026c941f8301e5c9edfbc6bf71ec4a49085a922c217dabfd8f9a8f672e9f914d2a1671600faae2b8f1101e8cec2d9f09cc6be0080a5d24dafbd6f0221abc6da5c896d2f70962cf2dd7f7c91eb2a62bf7f889837642ca80fccbf0fe0603d00cedd7acfbbbfb5c803ac1b5ab70008f4790021ca4652ca6ee0f97bf642c3c462ca5d0982621249dc5fe9e5f3f401e93d0e019cb57194f9cbab7bd5b5a1750d00120f00b1164e40a4d2627a573f132532432abdb787bfd20789fe21a35fdc4b796c5ea7efbba6781e81b5b178887c6e89afbdaab4ae01506bce7e094017e267e390ce5075ef968c1614e95b5419af0b075e453b2494e7c261def8bea07408bd3fdebb8a1357951080311600666c4a8f5c7303ac02ad6b00ecb8fb813988fc6f003079d70320309342242eceec25308a1c10829fe14b1cc2f6544c09f75e640a300a35028adf31ee23e177f88e790212430531381447250a116a416e0c40f8c46daff9d1a9792fb40e695d03000008f41000e4791710839e9e19868338f1b3da1bfd69aeece495eb44e2ce9815e4fc765522cc1bfbab12c1f96be2279c2fcec2e4b9b0e18756b4519691d63d00f6bcf147ff02c0b7adc9d19e9e083c8929617d665b311ebb62de9ea77ea602f34cbfe23691b1419f7052feae2a90c5fd23a01cbadd2e44f05bb7dcf3c38fad78c32c13ad7b00c00bd80fbbce2cf24e1b45af0ddf52304b8afde22a0a5c713e5032b01f04715f052070a5a428144fff5bc2b47229c0620127b0263fb4f76cfaf32bdc1ecb4aeb7e6248a4a7feea931f579a7f6664681060edab7528edb77b268530c00a142a7ffae4d0be040fc4cde7702947a0f42885011cd6409cf1df3687b339c4e5a29dddd578d9f76ca8f2711b41020000f6bef1c99f73627e52c44df5f4e042143b3f51c4b9de21a0606438276e3bf44a8e1e7bbed2f37b4c3d3fcef7f4fc78be73dfd868cc0736100080fd6ecf77bdfb7721f229b88af215c7605751ec5c50e824cee18f62ba7a5dd8575500e37d9c94f788fbe390e0ac075aa5d288bf9ffdb3b568956ba50d04004fc4ee0fa266eea76a974a5aec9912982dae2215aada7b8fc6dfa7d14be558b42c0a05d0044059c09ae26f89b542397d72cd1ae51a68c30160f8e53ff01710f768697a45a69b92814e7c4f8d6040c8d67552e9e555a68763ae2afe2b9a3f1cc4062039570c03e2bcf207729f197cc55bbfbdb62db334da7000000071eec3454fedb1c543af175b8a6b7180b5803315bd205e5b9a8df3c05068fcbe940cc404d15f059a0718397c786d5b64e9b421013062cefd37883bd913bc29143fd73b14d8a8b49512a1341dfbc57e655800c210531697928a54299441c8df0cdef13d5f5cbbd6b836da9000c0dd0fe4003e1a94af057a729f5e10aa8215ca6254e0a43fc2178b4347f11e860e3125809ced1b0664c3f67e60a3020080eb767e1b4ea63def5dd1ab250c0ba507afc278574a0784de1d995af6f0c8f8527288eb35ffbce6ef604d7e6af8f0d41faf755b5c0b6d58008cde7ddf6571f8cf7ebc8f55bc16180a2220a45400c585de1f2d8582d1b638e6254b1cffa37fa1321c88c05afb61dc779f7dbe675dcfb4610100009accafc3d154af120744e50dae028c82b9aee8e525e3cbf11d15d3b12aeebd8b3932df626e76aebb7978f0b7d6b809ae99363400065ef103e744e40010eaf655457c044114db70f0bdda21d6fcab8afe42cc233a8f6c694d40fac02078f2d88943b8e59e85f2d436146d680000c08839f3b1763bef44261722bc12b889eee22280035b1c2fb57fdfcbd127eaab8a9faf0a6671e6ec055c9898f95f6bf7d6cb471b1e00b8fb81fcfc54fb6f8bf0adf481a0eab22d181a4d3957910051f18b0e9f089a5ee63bebf0c4f133481ad9d7d7fad59783363e000018d43e7ffafc4469fa8572efce5a48c5448cf67b1117880e9e6aac2002214a935017380e1d4f3e731c3aa9c9dc99cb1b7ebd20e03a0140a339f4f513e767618ce91bffa5e8d5d5ec9fa82b48d4072aca5d6139380be74c210d442c5aad399c3c3f8d81c1814bf7bff7c0e41abff6b2d0750180419d7e79686c0b0e1f3d598ef9702143289488b77d5ec06ad42f6e8721c305e95180294883bf3d7c1443c32368d4074eca4649a4781eba2e00b0e3ee375d181e1e6db525c1b3a7cf575cbdb6d0092002b161a188b0588413dbfb09a5e04b2fa22dccc96f7dfb69406518191943ad993db9d6efbc5c745d0000006ab5fac4e6cd5b71ecfc2c5a5617a23d268288c4715d2a1220f8038ae8604cf78ac386cf283a73fe3cce4ece616cd356340786a038797caddf77b9e8ba014092a899e191516cdabc0d471e3f0ed4c740ac4badbe300d83a60f1bd2488388efb1ff05a41290d2b8747902879f3a8daddb776068640459bd064d7ac365fe2c46eb7676f0d512114f370706b0d96ec65967f0a5af7c1daffdced7a05eafc37566431817407522882b7582a21c2c29ff7116cf1e7f06879f3a8d2d5b776174740cf5461d5a2720362f0060dd11613acb6a90a1110800c51a5ffeead7b07bc716ecdc75130686c61096008188835f052478086d8c27e470791be7cf9dc133c74f62722ec7b6ed37616c6c0b1a038348b30c4c8c2eccd9b57edde5a2eb07008259ad13d46a00d108b44e51afd7313179014ffef55721a603485810cae610e74bbac5f9050240a904561c7452c7f0c81876edda8e919151d41b0348b31a545868d2385c5ce3b75d36ba6e00a0941a6066243a01915f03204d53d41b4d8c8c8c60767a06adb959b45b2de4a683bcdb2dae8d553f6b35bf3e40bdd140b33180e6c0006acd06923483220a0b48023a51636bf8aacb4ad70d000818646608113491af08ae3c20b23443a3d644a7dd42bbd542a7db42deed94170ba098916619745a4356af7b30a435a43af4fcb0881488c0a4b7add98b2e335d370060a506aae5db8814b42270c6107260727e7d6045d06d4657f52e344d4c48b20c69524392a5487406ad35c8d796475198120044b6aef2ebad185d3700d069b6334eff8debffb22380198a54b16cbc361a5669b08ef5063d29a5a0e3a2d0e4453db35f390c0280c317119456dfb156efb9dc745df8018e1df9e24bb25a63304e172f28567fe5b20c3c915f258411168d081f0200a6b05e60b540749c32eeff1310b44edeb49aefb792745d002065fdb3719e7fcfa20e91247e850d5acc8d1f9242218b541cf5f50292acf6a2c7bef6f90db122c8f3d18607c0c9c37f7747327cf34f173b8a797ee861bcc47982f33281cbcbe65d27bdb78b934c8988c776dcf2b5cb97a777afc43bad266d7800e8cdbbbf29e9b0ca25291cbb00504ef90f7981008a29620b0a80ea946f94a965615271940c2202ca06910eedd8eb849e3e3f35f3e2d57ad795a00d0b807317a6f69c387df10f7496709a6874b919023d9e59b19e4f11fb0fab8c899362558f2a790111661d87b90612c0522d31244440b6155a2b3033b1c11fcdb5ba1b5629dc4856004d5e9aa9e5b9fd61ebe4c79d93d709889d7520a5c02a81b535b0cc859e8ca2273be77cf8372c1dbf880808e9002e4483c52f140d0707058280c150c32f824a54e11348537d17017fd36a75bee99cfbfd96d27fb8b9969c5bcd86b9165aef05220800ce5d9c7e8d31ee0171f607413c4c4450eccd3427825aaaa114c3188b249f80e4b3c52adf79b7836ea78d4ea78d6ea78dbcd342b7dd8693f952c0af1e9a41a5299224814e3224690aa57cf18974d35ee8b40e2286b55ea2d4321d740a828843d7b83ccfcde789f9779bb5e48febb574fe1f5a47b41e0140070e1ca01fffc97fb52549d29f7042ef06e465d184d38ac14cd0da57fe706136b0d661f168e780f605486706c618e4791b79a704411e80b01031337492224932e824419266d08946521f821ebe193aad43290ee9030e599680b9b416625b467da3d3b5678cb5e3a9a68f0f0f0daccbd9c3eb050074e0c0017afdebdfc877ecbbfbfb9dd89f724eee0551aa98c0c13e570c28e55705551c56eb7016dddc8fd759c2606658ebe7f3b9f604da974ea3db6e23ef7ac677db6d18b348c979003a4d91e814499a221dd884e696bdd0b526147be059eb15c57a2d2bfc054415e6171684df70cec13a1127f215b1f2fb5996fc977a3d5937f309d612000400e3e3e3fcaa57bf6d28cd3a3f6d8c7b4004bb99c23abc4c4874f0c10bf9d40d2730cec158079b3b186b619d43a235060752a449e24112c8198beeec043aedcbe8cecda0333b856e7b1aa6d30e09a080d209d2c630d2c610d2fa2092da20b2c61074ad01c0c71580a01708d0a825f35620f18aa777289515cc00e7a4e71c63dd2480df4913f550ad961c97fe02a6ab4cab0a00228a7f8f0e1e3cc8b7bff415b73b87f71aebee07648043548e08e050e4313e1f81bd3a2ef00521c533c02f22c6e050109243312856fe1e5128f778080158e7425957865655ef1fc105e39fd8bb96adf57749b4429aeaf0371627bf7a18f5301f1038299fc3393180fca973fc9b0303c9978b93569956130004808f1c39a20606b7bd0d849f73226f2280597991eebf195a73510194c9b3cf8fb5ae602a87b2a0110cfe2715b67e6e1cac73704ea0950f0ef5b7af0d0c0aa34970fa8857f0c49b7c8abca2a7b52e187b35540e0d1114a125c441825403e8eb107c4c6bfaa334d5314ebd2a8c59710010814440c79e3d35c8aaf68075f601e7701b11a01441b10fc02489861fdea958dcd9afdcc615af6cb92e50b99c64ef185c2efd0ab860ca39273ed55b9cafe882be313b30c7979ef33d9d430430fc7fc58c8f8cae82254e618f52211e972099fc3309009c1191df6e77dabfb56974e41c5601042b0e80d3672fed6977f35fb0d6fd08090d9126282668a5a038846c3541158b3ec3377e10c11444bd2cc0885e252c3632f768e6406476ff6a20658fa71045f48b525e3bcd6bd332f52858087e9737452b696ac470e240a036111e31c6fc87a1c1e63796e5a116a11505c0d3c7cfffd2ec5ce79799294d3443eb0449a2a0144333432554f4708e091722bed823c42b5f12bb3c0a258ba8ec9991b1c5aaddcbc4c4e5a0a81816aee5b8bff807155c7a3f82544e228280e83f12f0be7a2d6dadc433ae08004e9fb9d4b83435fb7fdaedfcbb9462a4a9462d4b91a6ca3b5b3479c58d1844d223b6831edd5b955b4ad15ff6ee785e2cebd27b9ff542d1fd5c2c59d417700210ccd998a318ac079150e55440c063207a7ba39e1e5deee75bf6ee72eacc643a7169f62fa7673adfe504d009234b13649946a275d0b8b930adca71b20cd586d1c0ff44392cc4587d2c15df5fea75dd313fbe529456527ecf3f517a42d154ec2738919742f0b9b95677d7723fe3b20360f272ebcfa6675baf262264a94696a648538d3449a03505d30a2845b7dff62a97f8b4ad9080c98513a8caf492a8d2abd61bf3810ae32ba96a456a59e579a5724e083d86f70de6a86fab5b007c6e6eae3bbc9ccfb8ac0078e2e9b33f3b3bd7be975821cd34b22c419a2548b486d25ee327a2626a46f9110851b132b82ffe5c7e63c16bfcc7054fca7afd38f1dd5e221a281c1381502c591c7b3f7c6b84731c286c4bbcd74b05f8d072f10b58461de0f0c98b9bcda5d9278c71238966d46a29b22c419626d08a90240a4cec6df3280ac338af941f12a2227835bdb96afe6d042ae6218837027de532f8ae58a807a56e0344ab8182ff83c458f386e1c1c69717fe0b5747cb260154abf3dbce61244d95677e9a204b343824dfbac07566aa303f8eed2844fc521d2d1b85621899826928c0fca12da4a64531424c0005ab08425aa9ff34d7ea2e4b287f596e72ecc485b7763bf607b422a4c15d9a260acc5271e478d433018efcd84fc450fedd3c08805273ba0212896bfb5cdd756b4dd11115f92e90589c341e8d078ac82285a1205cf37247fc0b007eed5a9fe59a25c0f8f8b8ea74cc2f3183924421cb12249aa182b64f716493381e06b72e9526dd4611dfcb4b55d3b7dc179359ca12b8a50b390e032132f2de76274faef529ae150074e76bdf38668c7d353343690515985f5ddd2bbe900b49144ce4c3ab244b1af77b1e608382274ac5681920f470bf17c53e004172524872892e6e379677f3b7a0df16be4aba1600d0a143d089c18f822861563e59a3128a2db4742ab79df39ebeb8acdbf369f91b55fbbf92cfbc7797b25cb5ff94c75cb4042041912638c1bb0e1e3ca8700d20583200c6c7c7d99889ba75f22e02a05550e8e0bd7cbdcf548ecf2e8cd58ab9b27769b4517b7fa4a8005274fc2c48e5b132a601386741c0f7efbdf5d6647c7c7cc97c5cd28504d02b5ff94aadd4cc3627f42a62024228170b8af38ad3a3000095feff1b947a5ebde2ee8e7317aaa9e83daba4c68823685ba339f286bd7bf7f6f7b82ba62501e091f1719e9a9aaa0d8d25ef22719966f2c11d1513323c52e7293480376a11edffa5737fa3f7fe48d5f50bbd8ba0d0004a9ae735649fed2c0e5af13bbbddaeeebfe44a694900d8b76f9f726e649084dfe14558e8fd127cf78290a3ef07ff62c95d01205406478af350566ebdc13e71d9da326a58b651f1b195b60c174afc4df4763736a60f1e3cb82429b0140030b66c4989780711eee260d6b1f2ae5b17429a31581325008002ddc13b5a4cdaace6d0dd901463048881b1be4c7242459ac6588284b90b78d1ad9b77debd75ebd62575e6abbee8e1871f56938f4f0c0e8c64ef7022355070f31636bdf769065607f326321921b1b21c12a239d49b3f778391447d3f52e1de5ae474896604008794f99d4fb55a4b1a06ae1a00af78c5f76aca649499be07904a440e3d818b42f6573c74a5b9e30a6b80d8276146f3466ee0ff6c285febc41566df7c83508a90b99fb5241092b76d31c3711858510050ad663316de26827d3e595301d19caf9c2890a80bf6505ce03b0280433088447a8071a350356914318388000abfe3ee1ea8544e850898f8c537ef1dbd7d7070b09f0dcf4b570580871f3ea45bd46d36879b6f21a0e123788b69e4141e17f04a8bc4110142522a7de1388890e7f3d3b7af772a3da571fc973258d67362df858570f541a52c49ff69bd5e5fb4f2c162743500a0effbbe6d1ab91e4914ff63c03b7314f17364cd96913f202a3252c6050229f6ee63279512ef370815b67ed15968d15e5f6d6229b6bd39a588de71e4c865d57fffe7a3ab02c0b3cf4ed58d313713706711cfed33e7fa3f12fd9be1590980b352aee5030f1e674b0ba1f01d5fe71f89dbc5ba97fdca60dff9b6b79d7d657b3fce32e93bf7edbbe9f6fbefbf3aafe0159f7ce8d02175fe527b4427ea1d705287200474a8e2ca5ca8e756878272cc73c5ea5c5ee3d59a01117472036336f4425c574c85fd4fbe4300559d797e5b4a55c806f41087ea452418186afcf31fffb5bbae2ac47fa500a06e779be6546fcd52fd4f8c73108e2e7f2a921ca244980ff638bec514283f04181bb55a7f9ed21a79eefd08d743b0e7f93e7eb9023fdfd001453b38f1fbe65d23be9d7dc173022b9f621795f02c4d7ef0c237678771158ae0154b80a1a14c8960ac96ea9b457c952d0a615d5f44314ce7aaa43954a9900212d6f80a953ae2598a7d8ab8b1f6068a0fc45eef15b9eab008a02854e1cf01d1be5c490000085449444154aabe135614126982146685c181fa9e97dc36b01b2b0100634e89cd4d3e7969f67c9a28245a071126455a9727ea9b3c29c5fed8dbe3f8e702cca357304eea989bebde108ea138234962e228fa143da0709c150296a8187695f669f25a6b30134e9f9f3c7af4c9c90b070e5cf9335c110088084f3cf1449e773a278f1e3fff3f272ecdcc3a08b4e6a2982231416b02932facc420405c48d72a176696a8f98840e08a4a1dd1f7952846e906b9be3fa5048c20084933a18da4d23682e874f360e1502b416b827316c74f5e9cfac2571eff48cb5ebcbc7f7f9ff87d0eba228521ac8f937fe24fbf70cae4f4a9238f9f1a3a76e2e26b6fdbb36de78ead232a4db898adcb4af94c57252053eab45535d1a74413621d1e04e325d10a20a0d33650dcc5c040edbaf60a48652804826f24880067a3cf24b8d8510eb93ee3ca2bd227cf4ce6871f3b75f4d4f94b7f9e24f285b347a767f043cb0c80f8bccffcfdc199b13bdefc55d531796772faf8a1e9d61b9acd6cef8bf76c1fbd69fbb0ae655951a4d9188256ce2fcb1894fac2ec218f6e930356392011005e996cd4525c9e6a234d1cac71d06a49318e7543e598de3bb1259ac712d2bccab07925904600c10112a6cc07f16f8cc389d313f9b71e3b71eee2e4eca3d6dacf11e18b3367ce3eb37fffbbbb0b3cc6a274d5f302c6c7c7d599ee40d3cde93d60799566f59d89e63bea8d6cd7adb76cddb663cb70da6cd4c857e970805048610a6aad8f5ff8f14c3152add06c6650a1e0d3f4740797a767911b8b6d9b8742eaf89581408a7f167bdb0537978de6b765cc8d408f7957e44842604de9fe8ecc8f339d147151ed4400b4da5d397de652fb1f9e3c7572f2f2dc53cec9a34edc5f9b56ebd1e19a3efdc0036f6fe1b95b601e2d7562087de21307b349c5a3dc6add22e05b534d7712f3cb75a2766f1a6d6ebe69c7a691cd9b06d3669692d63e6620e4116fac85739eb14a0103cd0c5a2908804e27c7cc6c1b2282446b24898a4eefe2d5e67b1da5f897425cbd7cd2fe531762d2d551398fd1ff4398cf7c097fabe8ffc1fa89a23e6c959abe0042f0732783b47022e8b48d9c9b98ea1c3f7171f2e4d94bcf9adc1c152bdf14e0b01539461acf36edb1e9f7bce73d66294bd92d79661011d17d8f3cc2afc54d6973b2d39c456b7bcaea664b74bb567c1b2bb53b4df4ce4dc38dadbb768e6d1e1b6d64cd5aca315d9c55e930c86a4931fee7b94137b77e0ca4c8582ab68b34e9bee7ae9472ef0148c9acf9fb422c05c58f8548ca7b476ddd6f53a19c556f20525d89a4bc462a568d5480cc2a3c337c8ea4b50e9d6eee262767dacf9e9a387feaece4f13c9713d69a679cf0e310f7b4589c6c6a757e747467ebc89171b37ffffe2597a25b96a961070e1ce01d3bdeaecce874d63adf195582cd94aacda9a6edc4b44729750b93dc9cd6d2ad5b370f6d1e1b690e0d35b35abd96a93455a4b5af19507816998afc8290f450780ebde34442d1c7d26eeea9c851bc5ca974965ca1926991398547b2d230517a87dd54184c7df7780e220a15c92bb98f545cebd3bc8d75986b75cccc4cab357169eef2e9b397ceceb5ba27acb3cf3827c73a2e7fd63a9c93dc5c1c1accce1f7df4dcecc0db6eeaecbfe71e5b79d525d3b2d60720023df2c8387fe9cc19bd6fcfebd4f4a9538d446a232a719b944e3729d01661daae34b633d436a578f3c8507dd7c8707d53a39e35ea5992a649a2d3543133513933384e0b2fed60a09c5852581611048222e9c445070b500008c1d3b650c9582008f50a1eca7235bdfbe36659a9a4174471c2a78883b522796e5db79be7ad6ede996b7567a7a65a13e72f4e3d630dce186bce0272d61a770e4a2eb4dbf662c266a285fae564a6d91d1848cde9d377db071f24598aa85f8c56ac420811d1830f3e48a74eed50af7bdded6ab6417aa055cfced1a5c19a4986d24c0f39c1907232425ab632a92d0437c6a48601379465e9e850b3369665baa913ce94d269aa582bad5869626666c5ccc46022f6de5022724157881dbe2aeeab547ded6a2c5e20dea415408ae215fe30131746b9132741323988386b9db3e2ac35e272eb8c3179d71ad76e77eddcd454ebdc5ca77b519c9b12c125ebe4a2159c83c92f3aa6cb2cea72b76da76b4d9eae0bcf763a33ddc387957dfdeb67cc7df7ddb7786ddbe5e0d36a855e6389b8071f3ca8f6eddbca274e1c565906d56c6ed179de6a76a107759634205207735dc3d573a806930c0018226010840102d5089482282592548084410991a44294a489aa1171c2440a90848814040c1656cc0c11e58508b320d69eb3de281372025867fd0a93e26bb6582132103122d26de7a625cee502cad951d7c1764928b7820e9cc91d734b114f396ba6056acab29d238b39056e81b925a6dd624e66e6ccf42cd792d6c4ac316337bfcc7ef1ab7f28d8b7cf3eb2c20c9fc797b58ebd1381ee7b047cefe4211e1dadd3891397d5c06d29e5cf4eb3d646d5b60ee9cbb37335d5a69aa16e8dc0499628ce739b28264da45831b47350391b9d00ca82591394b3a240a2c4415950c25a69b24e1b27a983d324d0f04b0a1922ca9938079c6120772c869cb294c058c74e89758eb561b1960536cfadd58932d62a23b0d63a58108c16dbb592b68da34e6d80da697bc2a469dd1d3dfab48cbdfacd76fb4c573ef7b996ecdcf959fbe0830f2eab385f52fbaf35009e8ba2d4b8fffe71bef7debd3c3afa1401fb70e6cc31c26d80796c8601606aa0463bb7ef44fdf24490f45b31955da22d00a6a73519d3e2596555b391f1d4e4acaed552eeb4e714b284d10640b9b30e7668b861acb0659db921496ca763a43d680400863a23029c436b784c4e9d0670fa10868646656c6c8b4c6d6d099e04b66fdf2d937b5b72ea339f11a207ddfefd9030cf7fdd36f2ba06c07210859c2b0170e0c00102f6e3f01de3745fdf79e3e3c0be7d470400f6efdf2f655afbf5dd40ff1f23161faaf12c3bab0000000049454e44ae426082, 0),
(8, 'IST-224-988/2010', 28968574, 3, NULL, '', 0),
(9, 'IST-222-055/2010', 29864578, 1, NULL, '', 0),
(10, 'ENG-223-023/2011', 28965474, 2, NULL, '', 0),
(11, 'IST-221-002/2010', 25897741, 4, NULL, '', 0),
(12, 'IST-222-035/2011', 28979654, 4, NULL, '', 0),
(13, 'IST-222-025/2009', 26336596, 3, NULL, '', 0);

-- --------------------------------------------------------

--
-- Table structure for table `event`
--

CREATE TABLE IF NOT EXISTS `event` (
  `eventID` int(11) NOT NULL AUTO_INCREMENT,
  `eventDate` date NOT NULL,
  `eventType` varchar(45) NOT NULL,
  `eventTitle` varchar(20) NOT NULL,
  `eventDesc` text NOT NULL,
  PRIMARY KEY (`eventID`)
) ENGINE=MyISAM  DEFAULT CHARSET=latin1 AUTO_INCREMENT=15 ;

--
-- Dumping data for table `event`
--

INSERT INTO `event` (`eventID`, `eventDate`, `eventType`, `eventTitle`, `eventDesc`) VALUES
(1, '2013-01-30', 'Voting', 'Voting', 'Day of voting'),
(2, '2013-01-14', 'Deadline', 'Date of candidate re', 'Canbdidates should have been registered by this date'),
(3, '2013-01-14', 'Deadline', 'Date of candidate re', 'Canbdidates should have been registered by this date'),
(4, '2013-01-15', 'dsgdfg', 'dfgdfg', 'fdgfdgfdgdf'),
(5, '2013-01-15', 'dsgdfg', 'dfgdfg', 'fdgfdgfdgdf'),
(6, '2013-01-14', 'dsgfdgf', 'dfgfdgfd', 'dfgdfgfdg'),
(7, '2013-01-14', 'dsgfdgf', 'dfgfdgfd', 'dfgdfgfdg'),
(8, '2013-01-14', 'zxfdsfsd', 'sdfdsf', 'dsfdsfdsfdsf'),
(9, '2013-01-14', 'zxcfxzcxz', 'zxcxzc', 'xzcxzcxzcxz'),
(10, '2013-01-14', 'szfdsfd', 'dsfdsfds', 'dsfdsfdsf');

-- --------------------------------------------------------

--
-- Table structure for table `position`
--

CREATE TABLE IF NOT EXISTS `position` (
  `positionID` int(11) NOT NULL AUTO_INCREMENT,
  `position` varchar(25) NOT NULL,
  `description` text NOT NULL,
  PRIMARY KEY (`positionID`)
) ENGINE=InnoDB  DEFAULT CHARSET=latin1 AUTO_INCREMENT=5 ;

--
-- Dumping data for table `position`
--

INSERT INTO `position` (`positionID`, `position`, `description`) VALUES
(1, 'Chair ', 'The chairperson'),
(2, 'Vice Chair', 'The Vice chair'),
(3, 'Secretary  General', 'Secretary General'),
(4, 'Deputy. Sec General', 'Deputy Secretary General');

-- --------------------------------------------------------

--
-- Stand-in structure for view `position_votes`
--
CREATE TABLE IF NOT EXISTS `position_votes` (
`positionID` int(11)
,`position` varchar(25)
,`sum` bigint(21)
);
-- --------------------------------------------------------

--
-- Table structure for table `vote`
--

CREATE TABLE IF NOT EXISTS `vote` (
  `voteID` int(11) NOT NULL AUTO_INCREMENT,
  `voterID` int(11) NOT NULL,
  `positionID` int(11) NOT NULL,
  `contestantID` int(11) NOT NULL,
  PRIMARY KEY (`voteID`)
) ENGINE=InnoDB  DEFAULT CHARSET=latin1 AUTO_INCREMENT=13 ;

--
-- Dumping data for table `vote`
--

INSERT INTO `vote` (`voteID`, `voterID`, `positionID`, `contestantID`) VALUES
(1, 17, 1, 5),
(2, 17, 2, 6),
(3, 17, 3, 8),
(4, 17, 4, 11),
(5, 4, 1, 7),
(6, 4, 2, 6),
(7, 4, 3, 13),
(8, 4, 4, 12),
(9, 15, 1, 7),
(10, 15, 2, 10),
(11, 15, 3, 13),
(12, 15, 4, 11);

-- --------------------------------------------------------

--
-- Table structure for table `voter`
--

CREATE TABLE IF NOT EXISTS `voter` (
  `voterID` int(11) NOT NULL AUTO_INCREMENT,
  `RegNo` varchar(12) DEFAULT NULL,
  `IDNo` int(11) NOT NULL,
  `Name` varchar(30) NOT NULL,
  `Gender` varchar(6) NOT NULL,
  `Course` varchar(25) NOT NULL,
  `Faculty` varchar(25) NOT NULL,
  `email` varchar(45) DEFAULT NULL,
  `voted` int(1) DEFAULT '0',
  PRIMARY KEY (`voterID`),
  UNIQUE KEY `IDNo_UNIQUE` (`IDNo`),
  UNIQUE KEY `RegNo` (`RegNo`,`IDNo`),
  UNIQUE KEY `RegNo_UNIQUE` (`RegNo`)
) ENGINE=InnoDB  DEFAULT CHARSET=latin1 AUTO_INCREMENT=23 ;

--
-- Dumping data for table `voter`
--

INSERT INTO `voter` (`voterID`, `RegNo`, `IDNo`, `Name`, `Gender`, `Course`, `Faculty`, `email`, `voted`) VALUES
(1, 'IST-222-025/2010', 28964563, 'Chama Stephen', 'Male', 'Bsc CT', 'CIT', NULL, 0),
(2, 'IST-222-024/2010', 28965874, 'Nyawera Lucy', 'Female', 'Bsc CT', 'CIT', NULL, 0),
(3, 'BUS-222-025/2010', 23658974, 'Okidia Thomas', 'Male', 'BCom', 'Bus', NULL, 0),
(4, 'ENG-222-025/2010', 28965478, 'Maxwell Wado', 'Male', 'Bsc TIE', 'Eng', NULL, 1),
(5, 'IST-222-025/2009', 26336596, 'Ann Mutava', 'Female', 'Bsc MCS', 'CIT', NULL, 0),
(6, 'IST-222-035/2011', 28979654, 'Muhammad Ali', 'Male', 'Bsc IT', 'CIT', NULL, 0),
(7, 'IST-222-055/2010', 29864578, 'Zainabu Mohamed', 'Female', 'Bsc CS', 'CIT', NULL, 0),
(8, 'IST-224-988/2010', 28968574, 'Mbuvi Ken', 'Male', 'Bsc MCS', 'CIT', NULL, 0),
(9, 'IST-224-968/2010', 23569747, 'Sir. Neo Kimaru', 'Male', 'Bsc Comp Science', 'CIT', NULL, 0),
(10, 'IST-221-002/2010', 25897741, 'Joyce Awino', 'Female', 'Bsc IT', 'CIT', '', 0),
(11, 'IST-221-007/2010', 25968541, 'Njuguna Samuel', 'Male', 'Bsc IT', 'CIT', 'njuguna@hotmail.com', 0),
(12, 'ENG-223-023/2011', 28965474, 'Mwangi James', 'Male', 'Bsc TIE', 'ENG', 'jmwangi@rocketmail.com', 0),
(13, 'IST-221-058/2011', 25893241, 'Wafula David', 'Male', 'Bsc IT', 'CIT', 'daviwafla@hotmail.com', 0),
(14, 'BUS-221-214/2010', 21457877, 'Jonestone Kingi', 'Male', 'B. Commerce', 'Business', 'jkingi@hotmail.com', 0),
(15, 'ENG-220-014/2012', 235544765, 'Faith Mulee', 'Female', 'Bsc T.I.E', 'Engineering', 'muleefai@gmail.com', 1),
(16, 'MSC-334-033/2012', 29506765, 'Hellen Wambui', 'Female', 'Bsc Mass Comm', 'Media', 'hellen@yahoo.com', 0),
(17, 'MSC-334-034/2012', 1935466, 'Pauline Karoli', 'Female', 'Bsc Mass Comm', 'Media', 'paulinekaroli@ymail.com', 1),
(18, 'MSC-445-002/2012', 2846578, 'Carol Acheng', 'Female', 'Bsc Film & Anim', 'Media', 'carolang@gmail.com', 0),
(19, 'ENG-220-004/2012', 28963245, 'Nicholas Ntheke', 'Male', 'Bsc Control & Instrumenta', 'Engineering', 'nickntheke@gmail.com', 0),
(20, 'MSC-334-023/2012', 28965612, 'Doris Cheptoo', 'Female', 'Bsc Mass Comm', 'Media', 'd.cheptoo@hotmail.com', 0),
(21, 'ENG-220-001/2010', 28126345, 'Kering Vincent', 'Male', 'B. TIE', 'Engineering', 'vincentk@ymail.com', 0),
(22, 'IST-232-008/2012', 30456534, 'Ouma Samuel', 'Male', 'Bsc I.T.', 'CIT', 'oumasam@yahoo.com', 0);

-- --------------------------------------------------------

--
-- Stand-in structure for view `vote_count`
--
CREATE TABLE IF NOT EXISTS `vote_count` (
`positionID` int(11)
,`position` varchar(25)
,`contestantID` int(11)
,`name` varchar(30)
,`votes` bigint(21)
);
-- --------------------------------------------------------

--
-- Structure for view `position_votes`
--
DROP TABLE IF EXISTS `position_votes`;

CREATE ALGORITHM=UNDEFINED DEFINER=`root`@`localhost` SQL SECURITY DEFINER VIEW `position_votes` AS select `p`.`positionID` AS `positionID`,`p`.`position` AS `position`,count(`v`.`voteID`) AS `sum` from (`position` `p` join `vote` `v`) where (`p`.`positionID` = `v`.`positionID`) group by `p`.`positionID`;

-- --------------------------------------------------------

--
-- Structure for view `vote_count`
--
DROP TABLE IF EXISTS `vote_count`;

CREATE ALGORITHM=UNDEFINED DEFINER=`root`@`localhost` SQL SECURITY DEFINER VIEW `vote_count` AS select `v`.`positionID` AS `positionID`,`p`.`position` AS `position`,`v`.`contestantID` AS `contestantID`,`vr`.`Name` AS `name`,count(`v`.`contestantID`) AS `votes` from (((`vote` `v` join `voter` `vr`) join `contestant` `c`) join `position` `p`) where ((`v`.`positionID` = `c`.`positionID`) and (`p`.`positionID` = `c`.`positionID`) and (`c`.`IDNo` = `vr`.`IDNo`) and (`v`.`contestantID` = `c`.`contestantID`)) group by `v`.`contestantID` order by `v`.`positionID`,count(`v`.`contestantID`) desc;
